id,name,price,available,created_at
51,ifhrvFIt,105.18,False,2025-07-02
349,lejLVLUF,98.02,True,2025-03-03
135,cYaSaFMD,220.89,False,2025-06-15
603,KFXWHMqV,126.55,False,2025-02-09
739,tikbXUSe,122.89,False,2024-08-25
708,asMtYdSm,446.34,False,2024-08-17
312,RmrHUtlw,136.87,False,2025-02-18
717,kpynovfH,475.23,False,2025-05-05
573,qZcXIaMT,418.01,False,2024-09-13
915,wcAzwFII,328.78,True,2024-11-17
176,jOZNktNk,309.84,True,2024-08-02
490,TzkrzBJM,354.28,True,2025-02-17
99,SzaghDgP,49.57,True,2024-10-02
317,oVxyClcd,398.66,True,2024-09-07
917,WBzbxAuG,77.19,False,2025-02-23
11,iUavOIQo,391.95,False,2025-05-22
956,MIMZhDTy,407.13,True,2025-05-23
694,GHctgZrn,421.65,True,2024-11-18
99,IwBMmHNi,277.47,False,2025-01-19
655,zFjcFYtD,196.88,False,2024-12-08
849,DVxxHLro,107.43,True,2025-03-14
645,wtQRAoce,97.48,True,2024-08-06
651,nHEidbOz,246.53,False,2024-11-04
875,DuWxADAN,295.64,True,2024-07-28
335,dxkNFqlk,398.34,True,2024-11-04
706,hVKfWCEx,493.28,True,2024-08-11
361,sEEdmwvM,248.04,True,2024-12-31
38,HQFyIbMQ,275.08,False,2025-07-04
198,tfSwzHPo,221.99,True,2025-01-13
567,vPLYtlNB,263.63,True,2024-09-11
226,JZusgASy,204.48,True,2024-09-12
373,RTDdpQkv,279.35,False,2025-01-08
947,lpgqIPAp,262.22,True,2025-06-06
915,VzsQvnAz,227.2,False,2025-03-21
923,ruBwUbyX,238.42,False,2024-09-09
500,cElCIBJo,302.67,True,2025-07-03
776,RVbHLILu,18.67,True,2024-12-14
266,omDVLIun,293.11,False,2024-08-30
246,elZPFfRs,301.02,True,2025-05-25
582,GAmwfWzp,452.69,False,2025-03-03
80,GQHOGyQe,244.94,True,2024-09-21
51,yWTeZCjI,184.65,False,2024-09-20
851,ekPQbQzR,237.76,True,2024-08-03
584,dtBkxwwd,268.36,False,2025-06-10
580,iYUDmkco,44.52,True,2025-05-26
651,qFIcHrpe,176.51,True,2025-01-21
777,BlBAVwhW,30.22,True,2024-10-03
46,caoUooUz,457.57,False,2025-06-25
477,bhbvFwtg,428.95,False,2025-02-23
767,KWRrouqf,220.81,False,2025-04-07
169,LxSAFuoz,258.81,True,2025-02-15
142,hueQbgoc,270.6,True,2025-06-24
953,vgcXjsee,134.36,True,2024-08-06
82,bFaIRaaS,93.91,True,2024-08-08
215,UJyNmChK,233.65,True,2024-08-26
348,QzRUElUD,214.13,True,2025-03-27
203,JEkWvppo,36.35,True,2024-08-29
905,iqszvRmJ,383.57,True,2025-05-19
892,UzCLzFIp,118.96,True,2025-04-04
259,kUWgoQFl,154.82,True,2025-03-17
877,qKnNkCOp,310.89,False,2025-01-10
266,MhJkbyNn,379.66,True,2024-10-11
154,ACwyiqoG,263.36,True,2025-03-09
759,txbIJLdo,329.23,False,2024-11-18
775,ijcOTHqD,373.72,True,2025-05-02
366,MTUhlROa,448.11,True,2024-08-09
187,icMKlIyG,264.27,False,2025-05-12
169,NBTZBvHd,316.97,True,2024-12-25
203,KNAKcujF,350.62,False,2025-06-26
318,FIJZKtwe,98.58,True,2025-01-30
210,ezsRNFTf,143.38,True,2025-05-10
507,gDBJEXVK,276.38,False,2024-12-17
781,HAZgnzAC,344.89,True,2025-05-14
376,LsVFOpNw,433.48,True,2025-07-01
419,UApfqJXt,287.08,True,2024-09-21
719,ZPeLwGHs,458.69,True,2025-05-24
209,yvgTaPPQ,260.35,True,2024-07-22
845,ufNzzCcV,208.19,False,2024-10-13
944,LZeIvuqQ,367.56,False,2025-03-15
190,rUEMJDtU,54.58,False,2024-10-18
772,TsEkGbTz,331.8,False,2024-10-31
436,yRrEEZsW,360.2,True,2025-05-08
17,dbwzKJpL,376.28,False,2025-04-04
445,FsCHjHkh,323.31,True,2025-01-30
142,CgdzWYHj,481.16,True,2025-06-17
443,jgppNMCp,342.58,True,2025-05-14
392,zZJdvKqX,484.9,True,2025-03-01
625,CuDsarkS,222.36,False,2025-06-19
721,lzXwlzKh,473.78,True,2025-05-23
776,BoZfxqDR,40.09,True,2024-10-09
350,JAbcwmHf,475.66,False,2025-01-09
100,tdJorhAk,65.26,False,2025-05-28
484,ChkKfYgX,373.38,False,2024-09-07
716,NkxLRbgi,414.72,True,2025-04-07
104,fNVTHdBp,320.61,True,2024-07-24
551,uBTQjPaw,428.73,False,2025-06-22
827,ejEGUkKJ,164.11,True,2024-10-22
926,zMYwOiSY,72.54,True,2024-08-08
647,DcqAFXLm,46.32,False,2025-05-26
98,DHwCcoOM,461.12,False,2024-11-23
